,x,y
A133,8.024,121.538
A137,7.998,123.755
A157,7.913,127.238
A164,9.076,126.109
A167,9.152,134.171
A173,7.973,124.498
A182,7.644,115.504
A184,8.259,121.44
A195,8.448,119.577
A216,9.246,123.469
A234,7.935,123.85
A252,8.757,123.559
D124,8.842,121.966
D129,7.43,119.891
D131,8.336,118.329
D158,8.02,121.439
D171,8.134,123.773
D175,8.223,116.776
D194,8.23,122.387
D198,8.079,123.234
D200,9.054,119.547
D231,9.006,127.383
D244,7.794,118.965
D253,8.201,117.814
D254,7.502,119.369
E128,9.072,116.196
E199,9.376,130.411
E201,7.396,116.882
E219,8.876,115.149
F138,7.703,114.281
F149,8.188,119.545
F163,8.537,125.563
F174,7.974,120.606
F185,7.83,119.942
F197,9.081,122.569
F202,8.392,126.292
F213,9.041,118.009
F237,8.215,128.525
F248,7.228,123.193
G155,8.232,110.039
G166,9.459,108.296
G176,8.708,110.185
G178,11.389,122.795
G179,8.747,112.056
G186,8.232,105.369
G188,5.661,106.854
G190,8.92,112.254
G192,7.618,106.211
G193,7.843,119.854
G208,9.398,114.722
G209,7.799,108.964
G221,7.538,107.961
G225,8.101,106.75
G227,8.096,110.199
G257,8.295,107.013
G263,8.064,115.77
H112,8.317,114.51
H168,9.225,120.542
H172,7.446,120.665
H183,8.95,110.107
H196,9.315,121.833
H206,8.024,123.019
H218,7.21,118.416
H222,7.074,119.719
H228,8.319,115.136
I114,8.232,128.613
I118,9.127,127.107
I134,8.017,113.981
I152,8.712,123.573
I159,8.867,124.261
I180,10.338,130.642
I191,8.958,133.783
I220,8.969,118.489
I245,7.838,124.421
I255,7.894,118.97
I258,8.584,123.491
K111,7.486,115.956
K136,8.481,119.103
K148,8.108,122.394
K151,8.087,127.814
K177,8.608,124.088
K233,8.386,117.683
K241,7.725,130.774
L147,6.875,116.496
L160,7.533,130.155
L181,9.55,130.134
L212,8.458,130.866
L214,8.733,118.622
L224,7.748,114.427
L226,8.215,121.188
L250,7.99,120.716
L261,6.912,119.117
M125,6.901,113.245
M156,8.198,119.113
M236,7.24,112.255
N119,9.673,128.607
N120,7.772,113.38
N126,8.887,118.762
N143,7.998,115.311
N153,8.752,119.316
N211,8.723,126.645
N246,8.509,118.711
Q139,8.017,118.858
Q259,8.603,123.614
R110,9.224,124.85
R117,8.295,119.114
R127,8.918,126.035
R135,8.195,119.634
R165,8.737,117.853
R249,6.977,126.403
R256,8.419,119.101
S142,8.945,118.843
S150,8.031,116.665
S189,8.335,114.619
S207,7.948,114.766
S223,9.059,123.225
S229,7.349,114.49
S230,8.748,119.815
S251,8.692,118.662
S260,7.88,115.42
T115,9.203,117.399
T122,8.49,114.394
T145,7.419,110.276
T154,7.427,111.783
T204,8.404,110.318
T205,8.21,110.371
T210,9.154,124.853
T215,7.788,114.078
T239,6.383,110.083
T247,7.622,109.579
V108,7.216,110.6
V130,7.71,124.027
V140,7.637,117.526
V144,7.065,106.262
V161,8.723,125.431
V162,8.677,126.797
V217,8.281,118.839
V235,9.807,124.193
V243,5.726,124.496
W109,8.161,122.547
W141,6.636,116.676
W203,9.134,131.583
Y113,6.959,120.44
Y116,8.595,117.467
Y121,7.017,117.369
Y132,8.087,119.546
Y240,8.125,125.402
Y242,7.849,118.008
Y262,7.704,114.405
