ResidueKey;x;y;order;assigned_to;est_shift;real_shift;pred_x;pred_y;target_x;target_y
V108;7.216;110.6;108;L147;0.017089177862026503;-1.0;7.23;110.551;;
W109;8.161;122.547;109;Y242;0.340456399558005;-1.0;8.479;123.155;;
R110;9.224;124.85;110;A216;0.18616347654682422;2.434084641092005;9.41;124.889;7.517;116.174
K111;7.486;115.956;111;R110;0.053497289650970635;-1.0;7.517;116.174;;
H112;8.317;114.51;112;S189;0.039792461597643304;3.3133374413120045;8.338;114.679;7.736;130.82
Y113;6.959;120.44;113;Y113;0.004686149805545808;0.004686149805545808;6.962;120.422;6.962;120.422
I114;8.232;128.613;114;I114;0.01865904606350443;0.01865904606350443;8.248;128.661;8.248;128.661
T115;9.203;117.399;115;T115;0.018243903091167885;0.018243903091167885;9.207;117.488;9.207;117.488
Y116;8.595;117.467;116;Y116;0.011364858116140884;0.011364858116140884;8.585;117.44;8.585;117.44
R117;8.295;119.114;117;R117;0.02016829194552648;0.02016829194552648;8.315;119.101;8.315;119.101
I118;9.127;127.107;118;I118;0.032344396732666224;0.032344396732666224;9.148;127.23;9.148;127.23
N119;9.673;128.607;119;N119;0.031182687504446867;0.031182687504446867;9.667;128.76;9.667;128.76
N120;7.772;113.38;120;N120;0.022671568097507554;0.022671568097507554;7.755;113.305;7.755;113.305
Y121;7.017;117.369;121;H218;0.16930162432770648;1.6137434864314713;6.877;117.845;8.536;114.645
T122;8.49;114.394;122;Y121;0.06808847185830808;0.4952077947690227;8.536;114.645;8.098;115.907
D124;8.842;121.966;124;D124;0.04410260763265659;0.04410260763265659;8.799;121.917;8.799;121.917
M125;6.901;113.245;125;M125;0.024884533349049446;0.024884533349049446;6.892;113.361;6.892;113.361
N126;8.887;118.762;126;N126;0.02556247249387264;0.02556247249387264;8.863;118.806;8.863;118.806
R127;8.918;126.035;127;R127;0.013955644019534854;0.013955644019534854;8.924;126.098;8.924;126.098
E128;9.072;116.196;128;E128;0.02049780476051036;0.02049780476051036;9.066;116.294;9.066;116.294
D129;7.43;119.891;129;D129;0.006053098380167721;0.006053098380167721;7.424;119.895;7.424;119.895
V130;7.71;124.027;130;V130;0.016690116836021344;0.016690116836021344;7.722;124.085;7.722;124.085
D131;8.336;118.329;131;D131;0.03086033052318458;0.03086033052318458;8.34;118.482;8.34;118.482
Y132;8.087;119.546;132;D170;0.18019944506018765;0.04289242357339701;7.939;120.06;8.082;119.759
A133;8.024;121.538;133;D158;0.053048656910423896;0.0445896849058192;7.977;121.415;8.001;121.347
I134;8.017;113.981;134;I134;0.012369316876851727;0.012369316876851727;8.005;113.996;8.005;113.996
R135;8.195;119.634;135;R135;0.016672132437091314;0.016672132437091314;8.192;119.716;8.192;119.716
K136;8.481;119.103;136;K136;0.006539113089707938;0.006539113089707938;8.487;119.09;8.487;119.09
A137;7.998;123.755;137;A137;0.025079872407965272;0.025079872407965272;7.988;123.64;7.988;123.64
F138;7.703;114.281;138;L224;0.017701977290687215;0.02441311123146668;7.688;114.328;7.717;114.381
Q139;8.017;118.858;139;A173;0.019589793260778164;0.03940812099047591;8.002;118.921;7.994;119.018
V140;7.637;117.526;140;V140;0.03561684994493382;0.03561684994493382;7.602;117.493;7.602;117.493
W141;6.636;116.676;141;W141;0.06010823570859361;0.06010823570859361;6.679;116.886;6.679;116.886
S142;8.945;118.843;142;S142;0.11406138698086889;0.11406138698086889;9.046;118.578;9.046;118.578
N143;7.998;115.311;143;Q139;0.7414107903180248;0.09104943712072038;7.994;119.018;7.907;115.326
V144;7.065;106.262;144;V144;0.06775868947965064;0.06775868947965064;7.114;106.496;7.114;106.496
T145;7.419;110.276;145;T145;0.022705946357726853;0.022705946357726853;7.412;110.384;7.412;110.384
L147;6.875;116.496;147;na;-1.0;1.240865020862463;;;7.23;110.551
K148;8.108;122.394;148;K148;0.042097980949207824;0.042097980949207824;8.113;122.603;8.113;122.603
F149;8.188;119.545;149;Y132;0.11431465347889548;0.05154764786098478;8.082;119.759;8.155;119.347
S150;8.031;116.665;150;S150;0.01785385112517631;0.01785385112517631;8.027;116.752;8.027;116.752
K151;8.087;127.814;151;K151;0.006390618123467855;0.006390618123467855;8.093;127.803;8.093;127.803
I152;8.712;123.573;152;I152;0.022825424421029025;0.022825424421029025;8.701;123.673;8.701;123.673
N153;8.752;119.316;153;N153;0.058808502786588446;0.058808502786588446;8.751;119.61;8.751;119.61
T154;7.427;111.783;154;T154;0.02706584563615026;0.02706584563615026;7.422;111.916;7.422;111.916
G155;8.232;110.039;155;G155;0.029939271868234033;0.029939271868234033;8.26;110.092;8.26;110.092
M156;8.198;119.113;156;F149;0.06355501553772021;0.022996521476082287;8.155;119.347;8.204;119.224
A157;7.913;127.238;157;A157;0.06625073584496728;0.06625073584496728;7.956;127.49;7.956;127.49
D158;8.02;121.439;158;D171;0.002088061301781327;0.043267077553260945;8.022;121.436;7.977;121.415
I159;8.867;124.261;159;I159;0.010480458005258595;0.010480458005258595;8.874;124.222;8.874;124.222
L160;7.533;130.155;160;L160;0.007071067811866832;0.007071067811866832;7.534;130.19;7.534;130.19
V161;8.723;125.431;161;V161;0.01200166655094061;0.01200166655094061;8.735;125.43;8.735;125.43
V162;8.677;126.797;162;Y240;0.4273691144666387;0.059256729575635776;8.299;127.794;8.731;126.919
F163;8.537;125.563;163;F163;0.03621380952067874;0.03621380952067874;8.524;125.732;8.524;125.732
A164;9.076;126.109;164;A164;0.03396115427955717;0.03396115427955717;9.103;126.006;9.103;126.006
R165;8.737;117.853;165;R165;0.07821227525139501;0.07821227525139501;8.793;118.126;8.793;118.126
G166;9.459;108.296;166;G166;0.029181500989498725;0.029181500989498725;9.471;108.163;9.471;108.163
A167;9.152;134.171;167;A167;0.05700877125495677;0.05700877125495677;9.167;134.446;9.167;134.446
H168;9.225;120.542;168;F213;0.060474457417988764;0.21174597989100002;9.27;120.744;9.247;121.595
D171;8.134;123.773;171;A234;0.008199999999998653;0.48063162609216425;8.134;123.814;8.022;121.436
H172;7.446;120.665;172;S207;0.6157377688594387;0.43013063132030066;7.504;123.73;7.876;120.718
A173;7.973;124.498;173;K241;0.7628293649303238;1.11577693111123;7.435;127.202;8.002;118.921
F174;7.974;120.606;174;E199;0.05725521810280867;0.6423161215476406;8.019;120.783;7.865;123.771
D175;8.223;116.776;175;K233;0.012419339757006652;0.047345960756963776;8.235;116.76;8.235;116.547
G176;8.708;110.185;176;G176;0.04011682938618113;0.04011682938618113;8.747;110.138;8.747;110.138
K177;8.608;124.088;177;K177;0.08030466985175894;0.08030466985175894;8.685;124.202;8.685;124.202
G178;11.389;122.795;178;G178;0.38979630578033997;0.38979630578033997;11.074;121.647;11.074;121.647
G179;8.747;112.056;179;H183;0.745843790615702;0.39690734435129904;9.26;114.763;8.472;110.625
I180;10.338;130.642;180;V235;1.0205305286957371;0.4443654351994546;11.344;131.5;10.674;132.096
L181;9.55;130.134;181;I180;1.1905266733677153;0.1527227553444504;10.674;132.096;9.467;130.775
A182;7.644;115.504;182;M236;0.09237077459889587;0.18765383023002752;7.563;115.282;7.483;115.022
H183;8.95;110.107;183;na;-1.0;0.9814445679711112;;;9.26;114.763
A184;8.259;121.44;184;L250;0.14400680539474528;0.6863699876888577;8.115;121.447;7.808;118.853
F185;7.83;119.942;185;H172;0.16187353088136502;4.658715848814995;7.876;120.718;11.893;131.339
G186;8.232;105.369;186;G186;0.02628003044138111;0.02628003044138111;8.211;105.448;8.211;105.448
G188;5.661;106.854;188;G188;0.04657252408878012;0.04657252408878012;5.616;106.914;5.616;106.914
S189;8.335;114.619;189;H228;0.14888733995877557;0.01236931687685302;8.414;115.25;8.338;114.679
G190;8.92;112.254;190;G190;0.02229708501127335;0.02229708501127335;8.911;112.356;8.911;112.356
I191;8.958;133.783;191;I191;0.026768638366568155;0.026768638366568155;8.955;133.916;8.955;133.916
G192;7.618;106.211;192;G192;0.03353147774852795;0.03353147774852795;7.595;106.089;7.595;106.089
G193;7.843;119.854;193;G193;0.04080441152620618;0.04080441152620618;7.804;119.794;7.804;119.794
D194;8.23;122.387;194;D194;0.03274385438521088;0.03274385438521088;8.244;122.535;8.244;122.535
A195;8.448;119.577;195;L226;0.30561177987767524;0.13558598747658332;8.382;121.069;8.562;119.944
H196;9.315;121.833;196;H196;0.06533268707163244;0.06533268707163244;9.253;121.73;9.253;121.73
F197;9.081;122.569;197;H168;0.2559356169039401;0.12317808246599836;9.247;121.595;9.162;123.033
D198;8.079;123.234;198;D200;0.10928860873851254;0.43187294427875444;8.169;122.924;8.013;121.1
E199;9.376;130.411;199;L181;0.11653686112127923;2.355713131941153;9.467;130.775;8.019;120.783
D200;9.054;119.547;200;F202;0.05449440338236519;1.1132790126468766;9.003;119.451;8.169;122.924
E201;7.396;116.882;201;W203;0.029535741060620645;3.3829714808138704;7.368;116.835;9.359;130.658
F202;8.392;126.292;202;T204;0.024061587645041554;1.4984299249547859;8.403;126.399;9.003;119.451
W203;9.134;131.583;203;E201;0.29129023327259135;3.4378621496505675;9.359;130.658;7.368;116.835
T204;8.404;110.318;204;G179;0.09161855707224288;3.216200155462966;8.472;110.625;8.403;126.399
T205;8.21;110.371;205;G169;0.2620256475996201;2.615256362194731;8.424;111.127;7.949;123.382
H206;8.024;123.019;206;T205;0.10438275719677118;0.6793618770581673;7.949;123.382;7.557;120.552
S207;7.948;114.766;207;N143;0.11926860441876085;1.846961786285791;7.907;115.326;7.504;123.73
G208;9.398;114.722;208;G208;0.20038303321389325;0.20038303321389325;9.551;115.369;9.551;115.369
G209;7.799;108.964;209;G209;0.16480594649465774;0.16480594649465774;7.899;108.309;7.899;108.309
T210;9.154;124.853;210;T210;0.01200666481584049;0.01200666481584049;9.16;124.801;9.16;124.801
N211;8.723;126.645;211;V162;0.055380863120756844;0.3396285618142279;8.731;126.919;8.434;125.753
L212;8.458;130.866;212;L212;0.21665031733186674;0.21665031733186674;8.561;131.819;8.561;131.819
F213;9.041;118.009;213;L214;0.11733047344999575;0.5930008431697212;8.924;118.053;9.27;120.744
L214;8.733;118.622;214;S251;0.1382802950531995;0.2223318240828332;8.865;118.416;8.924;118.053
T215;7.788;114.078;215;S260;0.27249190813673807;0.32950059180523394;7.878;115.364;7.539;115.157
A216;9.246;123.469;216;F197;0.1210778262110772;0.32795121588431303;9.162;123.033;9.41;124.889
V217;8.281;118.839;217;M156;0.108894444302727;0.1740402252354341;8.204;119.224;8.262;117.974
H218;7.21;118.416;218;D254;0.23992215404168118;0.3520378388753121;7.421;118.987;6.877;117.845
E219;8.876;115.149;219;E219;0.09642074465590988;0.09642074465590988;8.79;114.931;8.79;114.931
I220;8.969;118.489;220;I220;0.09023724286568015;0.09023724286568015;8.909;118.152;8.909;118.152
G221;7.538;107.961;221;G221;0.07137618650502554;0.07137618650502554;7.48;108.169;7.48;108.169
H222;7.074;119.719;222;H222;0.028143205219022586;0.028143205219022586;7.094;119.818;7.094;119.818
S223;9.059;123.225;223;S223;0.2692359559939928;0.2692359559939928;8.817;122.635;8.817;122.635
L224;7.748;114.427;224;F138;0.03233635724691379;0.06318259253940171;7.717;114.381;7.688;114.328
G225;8.101;106.75;225;G225;0.01562177966814347;0.01562177966814347;8.106;106.676;8.106;106.676
L226;8.215;121.188;226;A133;0.21634980933663883;0.16868740320486295;8.001;121.347;8.382;121.069
G227;8.096;110.199;227;G227;0.19836471460418578;0.19836471460418578;8.271;109.732;8.271;109.732
H228;8.319;115.136;228;D175;0.29443647871824574;0.09769769700458548;8.235;116.547;8.414;115.25
S229;7.349;114.49;229;A182;0.17110511389201669;0.26399575754166993;7.483;115.022;7.087;114.328
S230;8.748;119.815;230;S230;0.02334180798481566;0.02334180798481566;8.77;119.854;8.77;119.854
D231;9.006;127.383;231;D231;0.17741657194298271;0.17741657194298271;8.896;126.687;8.896;126.687
K233;8.386;117.683;233;V217;0.13697897648909346;0.23849142542238244;8.262;117.974;8.235;116.76
A234;7.935;123.85;234;F174;0.07176099218934946;0.19913020865755227;7.865;123.771;8.134;123.814
V235;9.807;124.193;235;F185;2.5286377043775974;2.1208627866979044;11.893;131.339;11.344;131.5
M236;7.24;112.255;236;S229;0.4419300397121701;0.6861764787574688;7.087;114.328;7.563;115.282
F237;8.215;128.525;237;F237;0.2699999999999996;0.2699999999999996;7.945;128.525;7.945;128.525
T239;6.383;110.083;239;na;-1.0;1.865067301734713;;;7.889;115.584
Y240;8.125;125.402;240;N211;0.31687385502751647;0.5090604679210486;8.434;125.753;8.299;127.794
K241;7.725;130.774;241;H112;0.014340153416192415;0.7710170944927238;7.736;130.82;7.435;127.202
Y242;7.849;118.008;242;A184;0.17390227140552303;1.2068820820610455;7.808;118.853;8.479;123.155
V243;5.726;124.496;243;V243;0.12662164112030813;0.12662164112030813;5.851;124.395;5.851;124.395
D244;7.794;118.965;244;D244;0.02561952380509893;0.02561952380509893;7.819;118.937;7.819;118.937
I245;7.838;124.421;245;I245;0.0972078186155827;0.0972078186155827;7.743;124.318;7.743;124.318
N246;8.509;118.711;246;N246;0.08374150703205674;0.08374150703205674;8.487;118.307;8.487;118.307
T247;7.622;109.579;247;T247;0.09989214183307782;0.09989214183307782;7.531;109.373;7.531;109.373
F248;7.228;123.193;248;F248;0.05593782262476786;0.05593782262476786;7.173;123.244;7.173;123.244
R249;6.977;126.403;249;R249;0.1649631473996539;0.1649631473996539;7.141;126.492;7.141;126.492
L250;7.99;120.716;250;D198;0.08017006922785946;0.19235238496052004;8.013;121.1;8.115;121.447
S251;8.692;118.662;251;A195;0.2874734074658034;0.17986005671076685;8.562;119.944;8.865;118.416
A252;8.757;123.559;252;A252;0.026196182928052463;0.026196182928052463;8.783;123.575;8.783;123.575
D253;8.201;117.814;253;D253;0.023120553626588027;0.023120553626588027;8.221;117.756;8.221;117.756
D254;7.502;119.369;254;H206;0.2429085424599172;0.11134612700942884;7.557;120.552;7.421;118.987
I255;7.894;118.97;255;I255;0.020855694665965114;0.020855694665965114;7.913;118.927;7.913;118.927
R256;8.419;119.101;256;R256;0.09916148445843123;0.09916148445843123;8.511;119.286;8.511;119.286
G257;8.295;107.013;257;G257;0.04083331972789032;0.04083331972789032;8.273;106.841;8.273;106.841
I258;8.584;123.491;258;Q259;0.070994084260592;0.05185209735391405;8.652;123.593;8.616;123.695
Q259;8.603;123.614;259;I258;0.020771133815945756;0.049179670596700094;8.616;123.695;8.652;123.593
S260;7.88;115.42;260;T239;0.03401235069794675;0.01137717012266106;7.889;115.584;7.878;115.364
L261;6.912;119.117;261;L261;0.011833849753990674;0.011833849753990674;6.918;119.168;6.918;119.168
Y262;7.704;114.405;262;T215;0.2232602965150752;-1.0;7.539;115.157;;
G263;8.064;115.77;263;T122;0.04366646310385182;-1.0;8.098;115.907;;
